{
	"SoundOption" : 
	[
		{
			"SOUND_BGM_VOLUME" : 
			[
				0.12653061747550964
			],
			"SOUND_EFFECT_VOLUME" : 
			[
				0.75918364524841309
			]
		}
	]
}